dataset,ablation,run,accuracy,f1_micro,accuracy_std,std
politifact,full,0,0.8057459677419354,0.8057459677419354,,
politifact,full,mean,0.8057459677419354,0.8057459677419354,0.0,0.0
