dataset,ablation,run,accuracy,f1_micro,accuracy_std,std
gossipcop,full,0,0.9368593928922996,0.9368593928922996,,
gossipcop,full,mean,0.9368593928922996,0.9368593928922996,0.0,0.0
